1,GENERAL SPEED LAW
2,IMPROPER LANE USAGE
3,SIMPLE BATTERY
4,POSSESSION\DISTRIBUTION MANUFACTURING SCHEDULE I
5,SIMPLE ASSAULT
6,FIRST DEGREE MURDER
7,SIMPLE CRIMINAL DAMAGE TO PROPERTY
8,SIMPLE BURGLARY
9,UNAUTHORIZED ENTRY OF A PLACE OF BUS.
10,ACCESS DEVICE FRAUD
11,SIMPLE ROBBERY
12,RESISTING AN OFFICER
13,DOMESTIC ABUSE BATTERY - CHILD ENDANGERMENT
14,LOUD MUSIC FROM VEHICLE
15,ILLEGAL USE OF WEAPONS OR DANGEROUS INSTRUMENTALITIES
16,POSSESSION OF MARIJUANA
17,THEFT
18,HIT AND RUN
19,ILLEGAL CARRYING OF FIREARM W/ CDS
20,SIMPLE BURGLARY OF AN INHABITED DWELLING
21,HOME INVASION.
22,AGGRAVATED CRIMINAL DAMAGE TO PROPERTY
23,THEFT OF A MOTOR VEHICLE.
24,POSSESSION OF SCHEDULE IV
25,FAILURE TO MAINTAIN CONTROL
26,AGGRAVATED ASSAULT
27,THEFT OF A FIREARM
28,THEFT OF A MOTOR VEHICLE
29,FUGITIVE
30,SIMPLE KIDNAPPING
31,OPERATING A VEHICLE WHILE INTOXICATED
32,THEFT OF GOODS (SHOPLIFTING)
33,PUBLIC INTIMIDATION
34,SECOND DEGREE RAPE - VAGINAL
35,CARELESS DRIVING
36,SIMPLE BURGLARY - ALL OTHER LARCENY
37,UNAUTHORIZED USE OF A MOTOR VEHICLE
38,POSSESSION OF SCHEDULE II
39,POSSESSION SCHEDULE I
40,BATTERY OF A DATING PARTNER - CHILD ENDANGERMENT
41,AGGRAVATED BATTERY
42,DRIVER'S LICENSE REQUIRED
43,BATTERY OF A DATING PARTNER
44,RECKLESS DRIVING
45,"BATTERY OF EMERGENCY ROOM, EMERGENCY SERVICES, OR HEALTHCARE PERSONNEL"
46,AGGRAVATED ASSAULT WITH A FIREARM
47,POSSESSION OF FIREARM BY FELON
48,SECOND DEGREE BATTERY
49,VIOLATION OF PROTECTIVE ORDERS
50,DRINKING IN A MOTOR VEHICLE/CC
51,CONTRIBUTING TO THE DELINQUENCY OF JUVENILES
52,CRIM DAM TO PROP/SIMPLE/CC
53,NONCONSENTUAL DISCLOSURE/PRIVATE IMAGE - INTIMIDATION
54,ARMED ROBBERY
55,DOMESTIC ABUSE BATTERY
56,DISTURBING THE PEACE; INTOXICATION
57,(ATTEMPTED) FIRST DEGREE MURDER
58,ILLEGAL POSSESSION OF STOLEN THINGS
59,HOME INVASION
60,ILLEGAL CARRYING OF WEAPONS
61,MONETARY INSTRUMENT ABUSE
62,AGGRAVATED OBSTRUCTION OF A HIGHWAY OF COMMERCE
63,POSSESSION DRUG PARAPHERNELIA
64,UNAUTHORIZED ENTRY OF AN INHAB.DWELLING
65,SIMPLE BURGLARY/BREAKING & ENTERING
66,SIMPLE BURGLARY - THEFT FROM MOTOR VEHICLE
67,OBSTRUCTING PUBLIC PASSAGES
68,ILLEGAL POSSESION OF STOLEN FIREARMS
69,POSSESSION OF DRUG PARAPHERNALIA
70,IMPROPER TELEPHONE COMMUNICATION
71,LIC PLATE REQUIRED/STATE
72,CRIMINAL MISCHIEF - DEPRIVING USE OR ACCESS TO PROPERTY
73,POSS MARIJUANA
74,EQUIPMENT VIOL; DISPLAY OF PLATE
75,DISCHARGE OF FIREARMS
76,DOMESTIC ABUSE BATTERY - STRANGULATION
77,PROOF OF INSURANCE REQUIRED
78,CRIMINAL TRESPASS
79,VIOLATIONS OF CONTROLLED DANGEROUS SUBSTANCES
80,ILLEGAL CARRYING OF WEAPONS (WITH CDS)
81,VIOLATIONS OF PROTECTIVE ORDERS
82,RECKLESS OPERATION OF A VEHICLE
83,D/L SUSP/REV
84,ARMED ROBBERY; USE OF A FIREARM
85,SIMPLE BURGLARY - BURGLARY/BREAKING AND ENTERING
86,DRINKING IN A MOTOR VEHICLE
87,BATTERY OF A DATING PARTNER - STRANGULATION
88,FAIL MAIN CONTROL (CARELESS OPERATION)
89,DOMESTIC ABUSE BATTERY - PREGNANT VICTIM
90,RESISTING A POLICE OFFICER WITH FORCE OR VIOLENCE.
91,POSSESSION OF SCHEDULE I
92,BATTERY OF A DATING PARTNER - SERIOUS BODILY INJURY
93,SECOND DEGREE RAPE/VAGINAL
94,ENTRY OR REMAINING AFTER BEING FORBIDDEN
95,FLIGHT FROM AN OFFICER - AGGRAVATED FLIGHT FROM AN OFFICER
96,"REGISTRATION CERTIFICATE, IN VEHICLE"
97,OTHER LAWS OF THE ROAD
98,POSSESSION OF A FIREARM BY A PERSON CONVICTED OF DOMESTIC ABUSE BATTERY
99,ONE-WAY ROADWAYS AND ROTARY TRAFFIC ISLANDS
100,LICENSE PLATE REQUIRED
101,SIMPLE POSSESSION OF MARIJUANA
102,(ATTEMPTED) SECOND DEGREE MURDER
103,COMMUNICATING OF FALSE INFORMATION OF PLANNED ARSON
104,POSSESSION OF FIREARMS AT BREC PARKS
105,ONLINE IMPERSONATION - THREATS OR INTIMIDATION
106,INTERFERENCE WITH A LAW ENFORCEMENT INVESTIGATION
107,OBSCENITY
108,VEHICLE ENTERING STOP OR YIELD INTERSECTION
109,"MANUFACTURE, DISTRIBUTION OR POSSESSION WITH INTENT TO DISTRIBUTE (PWID) SCHEDULE I"
110,ILLEGAL CARRYING OF WEAPON
111,ILLEGAL USE OF 911 EMERGENCY COMMUNICATION
112,DOMESTIC ABUSE BATTERY � DANGEROUS WEAPON
113,THEFT - THEFT FROM MOTOR VEHICLE
114,AGGRAVATED FLIGHT FROM AN OFFICER
115,IMPROPER DISPLAY OF LICENSE PLATE
116,THEFT/MISD/CC
117,TERRORIZING
118,FLIGHT FROM AN OFFICER
119,SECOND DEGREE MURDER
120,UNLAWFUL COMMUNICATIONS; IMPROPER LANGUAGE; HARASSMENT
121,RESISTING AN OFFICER - REFUSAL TO GIVE NAME OR MAKE IDENTITY KNOWN
122,DRIVER MUST BE LICENSED
123,2 TAIL LAMPS REQUIRED
124,"SALE, DISTRIBUTION, OR POSSESSION OF LEGEND DRUG WITHOUT PRESCRIPTION OR ORDER"
125,FAILURE TO TRANSFER REGISTRATION CERTIFICATES
126,THEFT/MISD/SHOPLIFTING/CC
127,SIMPLE ESCAPE
128,PURSE SNATCHING
129,DISTURBING THE PEACE (OFFENSIVE NOISES)
130,DOMESTIC ABUSE AGGRAVATED ASSAULT - CHILD ENDANGERMENT
131,CRIMINAL ABANDONMENT
132,PEEPING TOM/CC
133,CRUELTY TO JUVENILES
134,DISTURBING THE PEACE / FISTIC
135,ILLEGAL POSSESSION OF STOLEN FIREARMS
136,UNAUTHORIZED USE OF A MOVABLE
137,SWITCHED LICENSE PLATE
138,RED LIGHT
139,SEXUAL BATTERY/FORCIBLE
140,"MANUFACTURE, DISTRIBUTION OR POSSESSION WITH INTENT TO DISTRIBUTE (PWID) SCHEDULE II"
141,DRIVER'S LICENSE; SUSPENDED
142,HORNS AND WARNING DEVICES
143,OBSTRUCTION OF JUSTICE - EVIDENCE TAMPERING
144,INTENTIONAL LITTERING PROHIBITED
145,IMPROPER TELEPHONE COMMUNICATIONS
146,DRIVER'S LICENSE; MOTORCYCLE ENDORSEMENT REQUIRED
147,TAIL LAMPS REQUIRED
148,POSSESSION OF FIREARM OR CARRYING CONCEALED WEAPON BY A PERSON CONVICTED OF CERTAIN FELONIES
149,SAFETY HELMET REQUIRED
150,SEXUAL ACTS PROHIBITED IN PUBLIC
151,DISCHARGE FIREARMS
152,OFF-ROAD VEHICLES; UTILITY TERRAIN VEHICLES
153,TRESPASSING ON BREC PARKS
154,MIRRORS
155,MOTORCYCLE; EYE PROTECTION
156,HEADLAMPS ON MOTOR VEHICLES
157,CRUELTY TO ANIMALS
158,ENTRY ON OR REMAINING IN PLACES OR ON LAND AFTER BEING FORBIDDEN - ALL OTHER OFFENSES
159,SIMPLE BURGLARY/THEFT FROM MOTOR VEHICLE
160,FAIL TO SIGNAL
161,INDECENT BEHAVIOR WITH JUVENILES
162,MISDEMEANOR SEXUAL BATTERY
163,DISTURBING THE PEACE; FISTIC ENCOUNTER
164,LOUDSPEAKERS AND AMPLIFIERS
165,STALKING
166,INSURANCE REQUIRED
167,DISTURBING THE PEACE (INTOXICATION)
168,"MANUFACTURE, TRANSFER, OR POSSESSION OF MACHINE GUNS"
169,ILLEGAL USE OF WEAPON
170,SECOND DEGREE KIDNAPPING
171,ENT/REM AFTER FORB/CC
172,DISTURBING THE PEACE (TUMULTUOUS MANNER)
173,POSS/DEAL FIREARMS OBLITERATED NUMBER/MARK
174,ILLEGAL USE OF CONTROLLED DANGEROUS SUBSTANCES IN THE PRESENCE OF PERSON UNDER SEVENTEEN YEARS OF AGE
175,MISREPRESENTATION DURING BOOKING
176,NEGLIGENT HOMICIDE
177,IMPROPER TELEPHONE COMMUNICATION/CC
178,DRAG RACING; RACING ON PUBLIC ROADS; AND VEHICULAR STUNT ACTIVITIES PROHIBITED
179,AGGRAVATED ASSAULT UPON A DATING PARTNER
180,CREDIT CARD FRAUD BY PERSONS AUTHORIZED
181,SPEEDING
182,HIT AND RUN - SERIOUS BODILY INJURY
183,LEASED MOVABLES; OBTAINING BY FALSE REPRESENTATIONS; FAILURE TO RETURN OR SURRENDER
184,AGGRAVATED SECOND DEGREE BATTERY
185,COMPUTER TAMPERING
186,WINDOW TINT VIOLATION
187,CARJACKING
188,SEXUAL BATTERY - RUBBING/TOUCHING
189,DISTURBING THE PEACE / DRUNKENNESS
190,IDENTITY THEFT
191,FIRST DEGREE RAPE-VICTIM UNDER 13 YRS OF AGE
192,D/L NOT ON PERSON
193,HANDLING OF MACHINE GUNS
194,REGISTRATION; COMMERCIAL VEHICLES; EXEMPTION
195,SPEEDING/CC
196,ENTRY ON OR REMAINING IN PLACES/LAND AFTER FORBIDDEN
197,DISTURBING THE PEACE / VIOLENT & TUMULTUOUS MANNER
198,DIST/PEACE/FISTIC ENCOUNTER/CC
199,THEFT OF MOTOR VEHICLE
200,POSSESSION OF SCHEDULE III
201,DISTURBING THE PEACE (FISTIC)
202,MVI REQUIRED/EXPIRED
203,DOMESTIC ABUSE AGGRAVATED ASSAULT
204,DRIVING UPON SIDEWALK
205,BATT/SIMPLE/CC
206,DRIVER'S LICENSE; POSSESSION OF
207,"MANUFACTURE, DISTRIBUTION OR POSS WITH INTENT TO DISTRIBUTE (PWID) SCHEDULE IV"
208,PENALTY FOR DISTRIBUTION OR POSSESSION WITH INTENT TO DISTRITUBE NARCOTIC DRUGS LISTED IN SCHEDULE I
209,ASSAULT BY DRIVE BY SHOOTING
210,OBSTRUCTION OF JUSTICE
211,THEFT - SHOPLIFTING
212,ILLEGAL POSSESSION OF A HANDGUN BY A JUVENILE
213,FOLLOWING TOO CLOSELY
214,VEHICLE LICENSE REQUIRED
215,INTERFERENCE WITH AN OFFICER
216,FLEEING TO ELUDE POLICE OFFICER
217,ASSAULT/AGG/CC
218,SIMPLE OBSTRUCTION OF A HIGHWAY OF COMMERCE
219,CHILD DESERTION
220,CRUELTY TO JUVENILES - MINOR INJURIES
221,UNAUTHORIZED USE OF FOOD STAMPS
222,POSSESSION OF LEGEND DRUG WITHOUT PRESCRIPTION OR ORDER
223,ILL POSS STLN THINGS/CC
224,STOP SIGNS AND YIELD SIGNS
225,MISD THEFT
226,DRAG RACING ON PUBLIC ROADS AND VEHICULAR STUNT ACTIVITIES PROHIBITED
227,PENALTY FOR DISTRIBUTION OR POSSESSION WITH INTENT TO DISTRIBUTE NARCOTIC DRUGS LISTED IN SCHEDULE I
228,POSSESSION\DISTRBUTION MANUFACTURING SCHEDULE II
229,TELEPHONE COMMUNICATIONS; IMPROPER LANGUAGE;HARASSMENT
230,ATTEMPTED (CODE MODIFIER)
231,POSSESSION OF SYNTHETIC CANNABINOID
232,DRIVER'S LICENSE
233,CARLESS OPERATIONS
234,POSSESSION OF FIREARMS W/ PROTECTIVE ORDER
235,AGGRAVATED KIDNAPPING
236,ILLEGAL USE OF 911 EMERGENCY COMMUNICATION SYSTEM
237,ORGANIZED RETAIL THEFT.
238,PUBLIC DRINKING PROHIBITED (OPEN CONTAINER) /CC
239,RED LIGHT/DISOBEY
240,COMPUTER FRAUD
241,DISTURBING THE PEACE; TUMULTUOUS MANNER
242,FOLLOWING TOO CLOSE
243,DRAG RACING/PUB ROAD
244,D/P BY S/DRUNK
245,CRIMINAL MISCHIEF - FALSE FIRE ALARM
246,CRIMINAL MISCHIEF - TRESPASS / OCCUPATION OF A BUSINESS
247,IMPROPER RIGHT AND LEFT TURNS
248,ENTRY ON OR REMAINING IN PLACES OR ON LAND AFTER BEING FORBIDDEN - TRESPASS
249,BATTERY OF A POLICE OFFICER
250,DIST/PEACE/OFFENSIVE NOISES/CC
251,FAILURE TO REGISTER VEHICLE
252,TRESPASSING
253,REQ TAIL LAMPS
254,HEADLIGHTS REQUIRED/CC
255,IMPROPER SUPERVISION OF A MINOR BY PARENT OR LEGAL CUSTODIAN; PENALTY
256,RAPE AND SEXUAL BATTERY/VAGINAL
257,PROHIBITED ACTS
258,UNAUTHORIZED ENTRY OF A PLACE OF BUSINESS
259,LITTERING PROHIBITED
260,BATTERY OF A DATING PARTNER - DANGEROUS WEAPON
261,AGGRAVATED BURGLARY
262,POSSESSION\DISTRBUTION MANUFACTURING SCHEDULE I
263,DRIVING ON ROADWAYS LANE FOR TRAFFIC
264,THIRD DEGREE RAPE/VAGINAL
265,D/L NOT IN POSS/CC
266,HEADLIGHTS REQUIRED
267,VEHICULAR NEGLIGENT INJURING
268,POSSESSION ALCOHOL IN VEHICLE
269,CARNAL KNOWLEDGE OF A JUVENILE
270,SOLICITING FOR PROSTITUTES
271,DOMESTIC ABUSE BATTERY - DANGEROUS WEAPON USED
272,SEATBELT
273,SECOND DEGREE RAPE - ORAL
274,DOMESTIC ABUSE BATTERY - PREGNANT
275,URINATING IN PUBLIC/CC
276,DOMESTIC ABUSE BATTERY � DANGEROUS WEAPON WITH SERIOUS BODILY INJURY
277,STOP SIGNS
278,RED LIGHT/DISOBEY/CC
279,PURCH/POSS ALCOHOL FOR MINOR
280,FALSE SWEARING FOR PURPOSE OF VIOLATING PUBLIC HEALTH OR SAFETY
281,POSSESSION OF FIREARM BY A PERSON CONVICTED OF DOMESTIC ABUSE BATTERY
282,TAIL LAMP/LICENSE PLATE
283,FALSE IMPRISONMENT
284,DRAG RACING W/O INJURY
285,"MASKS OR HOODS, WEARING IN PUBLIC PLACES PROHIBITED"
286,DRAG RACING/PUB ROAD/CC
287,SECOND DEGREE ROBBERY
288,OBSTRUCTION OF JUSTICE - COUNTERFEITING / FORGERY
289,DRINKING/ MOTOR VEHICLE (OPEN CONTAINER) /CC
290,POSSESSION OF FIREARM ON PREMISES OF ALCOHOLIC BEVERAGE OUTLET
291,MVI REQUIRED
292,DISTURBING THE PEACE - VIOLENT OR TUMULTUOUS MANNER
293,DIST/PEACE/INTOXICATION/CC
294,MOLESTATION OF A JUVENILE
295,ORAL SEXUAL BATTERY
296,ORGANIZED RETAIL THEFT
297,RECKLESS OPERATION OF AN OFF-ROAD VEHICLE
298,SECOND DEGREE RAPE/ANAL
299,FAILURE TO REPORT ACCIDENT
300,SPEEDING (21-30 MPH OVER LIMIT)
301,OTHER LAWS OF THE ROAD/CC
302,CRIMINAL TRESPASS - TRESPASS OF REAL PROPERTY
303,FIRST DEGREE VEHICULAR NEGLIGENT INJURING
304,FAIL TO LEAVE PREM
305,FIRST DEGREE RAPE/VAGINAL
306,DRIVING WHILE INTOXICATED - ALCOHOL AND DRUGS
307,INSPECTION STICKER REQUIRED
308,PUBLIC DRINKING PROHIBITED
309,BURGLARY/S INHAB DWELLING
310,ILLEGALLY SUPPLYING A FELON WITH A FIREARM
311,"RENTED OR LEASED MOTOR VEHICLES; OBTAINING BY FALSE REPRESENTATION, ETC.; FAILURE TO RETURN"
312,DISTURBING THE PEACE; OFFENSIVE NOISES
313,POSSESSION OF UNIDENTIFIABLE FIREARM; PARTICULAR PENALTIES; IDENTIFICATION OF SOURCE OF FIREARM
314,UNAUTHORIZED ENTRY UPON RAILROAD PROPERTY
315,EXTORTION
316,RESISTING A POLICE OFFICER WITH FORCE OR VIOLENCE
317,CYBERBULLYING - THREATS / INTIMIDATION
318,POSSESSION OF ALCOHOLIC BEVERAGES IN MOTOR VEHICLES
319,POSSESSION OF HEROIN
320,CLANDESTINE LAB
321,STOP LAMPS AND TURN SIGNALS REQUIRED ON MOTOR VEHICLES
322,UNLAWFUL ENTRY ONTO PREMISES
323,UNAUTHORIZED ENTRY OF AN INHABITED DWELLING
324,DISTURBING THE PEACE; SIMPLE BATTERY
325,CRUELTY TO THE INFIRM
326,SIMPLE ARSON
327,HEADLAMPS; WHEN LOW BEAMS REQUIRED
328,FAIL TO REG VEH
329,POSSESSION OF SCHEDULE V
330,OPERATING WHILE INTOXICATED 3RD OFFENSE
331,HIT & RUN/CC
332,POSSESSION OR DEALING IN UNREGISTERED OR ILLEGALLY TRANSFERRED WEAPONS
333,HEADLAMPS REQ AT NIGHT AND INCLEMENT WETHER
334,ASSAULT BY DRIVE-BY SHOOTING
335,MAXIMUM SPEED LIMIT
336,SWITCHED LICENSE PLATE  - CT
337,INTERFERING WITH EMERGENCY COMMUNICATION
338,STOP SIGN
339,LICENSE PLATE; SWITCHED
340,SIMPLE BATTERY OF THE INFIRM
341,SEXTING (UNDER 17)
342,DISTURBING THE PEACE - LANGUAGE
343,DRIVING ON ROADWAY LANED FOR TRAFFIC (IMPROPER LANE USE)
344,INTERFERENCE WITH FIRST RESPONDER
345,POSSESSION FIREARMS WITH OBLITERATED NUMBERS
346,INTENTIONAL EXPOSURE TO AIDS VIRUS
347,VIDEO VOYEURISM
348,D W I /CC
349,DOMESTIC ABUSE BATTERY/CC
350,MISDEMEANOR SEXUAL BATTERY/RUBBING/TOUCHING
351,FIRST DEGREE RAPE - ANAL
352,OPERATING A VEHICLE UNDER SUSPENSION FOR CERTAIN PRIOR OFFENSES
353,CYBERSTALKING/ELECTRONIC MAIL
354,VEH TRESPASS
355,AGGRAVATED ASSAULT ON A PEACE OFFICER
356,"HEADLAMPS, WHEN REQUIRED"
357,DISTURBING THE PEACE - DRUNKENNESS
358,RECKLESS OPERATION OF AN OFFROAD VEHICLE
359,TRESPASS
360,AGGRAVATED ASSAULT ON AN UTILITY SERVICE EMPLOYEE WITH A FIREARM
361,THEFT OF DOGS
362,MISSING PERSON - ADULT
363,POSS F/ARM/BREC PARK/CC
364,THEFT OF UTILITY SERVICES
365,IMPROPER EQUIPMENT
366,VIOLATIONS OF REGISTRATION PROVISIONS
367,SPEEDING (16-20 MPH OVER LIMIT)
368,THREATENING A PUBLIC OFFICIAL
369,INSURANCE REQUIRED/CC
370,THEFT OF A CATALYTIC CONVERTER OR ENGINE CONTROL MODULE
371,DRIVERS LICENSE NOT ON PERSON
372,SOLICITATION FROM ROADWAY
373,DISTURBING THE PEACE / LANGUAGE
374,NO PASSING ZONES
375,CRIMINAL MISCHIEF - DRIVING NAILS INTO TREES
376,OPERATING WHILE INTOXICATED; SECOND OFFENSE
377,NOISE ORDINANCE/CC
378,WARRANT/BENCH WARRANT
379,RESISTING AN OFFICER - REFUSAL TO GIVE NAME / IDENTIFICATION
380,JUVENILE CURFEW VIOLATION/CC
381,FIRST DEGREE ROBBERY
382,EQUIPMENT VIOLATION
383,MODIFICATION OF EXHAUST SYSTEMS
384,THEFT - POCKET PICKING
385,UNAUTHORIZED REMOVAL OF A MOTOR VEHICLE
386,UNATTENDED MOTOR VEHICLES
387,INTIMIDATING
388,DRUG PARAPHERNALIA
389,FALSE MVI
390,THEFT/MISDEMEANOR
391,POSSESSION\DISTRBUTION MANUFACTURING SCHEDULE V
392,POSSESSION OF ALCOHOLIC BEVERAGES AT BREC PARKS AND FACILITIES PROHIBITED
393,INJURING OR KILLING OF A POLICE ANIMAL
394,PENALTY FOR DISTRIBUTION OR POSSESSION WITH INTENT TO DISTRITUBE NARCOTIC DRUGS LISTED IN SCHEDULE I; POSSESSION OF MARIJUANA
395,DISPLAY OF TEMPORARY REGISTRATION LICENSE PLATES
396,SPEEDING (1-15 MPH OVER LIMIT)
397,BATTERY OF A BUS OPERATOR; PUBLIC TRANSIT
398,CRIMINAL DAMAGE TO PROPERTY BY DEFACING WITH GRAFITTI
399,"FAILURE TO SIGNAL (START, STOP, TURN)"
400,REGISTRATION CERTIFICATES
401,DAMAGE TO PROPERTY
402,THEFT OR CRIMINAL ACCESS OF AN ATM
403,THEFT OF LIVESTOCK
404,ASSAULT/SIMPLE/CC
405,SPEEDING; GENERAL LAW
406,TRAFFIC CONTROL SIGNALS
407,CHILD PASSENGER RESTRAINT SYSTEM
408,UNLAWFUL CONSUMPTION OF ALCOHOL BY PERSON UNDER TWNETY-ONE
409,INCITING A FELONY
410,NOISES INTERFERING WITH ENJOYMENT OF... PUBLIC PEACE
411,CRIMINAL TRESPASS - ALL OTHER OFFENSES
412,ARSON SIMPLE
413,METHOD OF GIVING HAND AND ARMS SIGNALS
414,SEAT BELT VIOL
415,DWI - CHILD ENDANGERMENT
416,THEFT - EMBEZZLEMENT
417,ABANDONDED/INOPERATIVE VEHICLE
418,HANDICAPPED PARKING
419,AGG ASSAULT WITH A MOTOR VEH UPON A PEACE OFFICER
420,AGGRAVATED ARSON
421,TRANSACTIONS INVOLVING PROCEEDS FROM DRUG OFFENSES.
422,"UNLAWFUL PRODUCTION, MANUFACTURING, DISTRIBUTION, OR POSSESSION OF FRAUDULENT DOCUMENTS FOR IDENTIFICATION PURPOSES"
423,FIREARM RECOVERY
424,LIC PLATE REQUIRED/CC
425,POSS  MARIJUANA
426,SIMPLE ASSAULT WITHOUT A DANGEROUS WEAPON
427,UNDERAGE OPERATING WHILE INTOXICATED
428,KEEPING A DISORDERLY PLACE
429,FIREARM-FREE ZONE; NOTICE; SIGNS
430,DISPLAY OF TEMPORARY LICENSE PLATE
431,HEARING TO DETERMINE IF A DOG IS DANGEROUS OR VICIOUS.
432,NEGLIGENT INJURING
433,IMPROPER WINDOW TINT
434,POSSESSION OF UNIDENTIFIABLE FIREARM; PARTICULARPENALTIES; IDENTIFICATION OF SOURCE OF FIREARM
435,SIMPLE BURGLARY/IMMOVEABLE
436,FLIGHT FROM AN OFFICER - AGGRAVATED FLIGHT FROM AN
437,(ATTEMPTED)DISARMING A PEACE OFFICER
438,BURG/S/INH DWEL RES DAY FORCE
439,CONTRIBUTING TO THE ENDANGERMENT OF A MINOR
440,CRIM DAM TO PROP/SIMPLE
441,HATE CRIMES
442,OBSTRUCTION OF JUSTICE - VANDALISM / DESTRUCTION
443,STOPPING VEH IN ROADWAY
444,URINATING IN PUBLIC
445,"CONTRABAND DEFINED, TAKING TO AND FROM PENAL INSTITUTIOINS"
446,BURGLARY/SIMPLE
447,RESIDENTIAL CONTRACTOR FRAUD
448,OBEDIENCE TO TRAFFIC-CONTROL DEVICES
449,VEHICLE ENTERING HIGHWAY FROM PRIVATE ROAD
450,ILLEGAL CARRYING OF WEAPONS WITH DRUGS
451,TRANSACTIONS INVOLVING PROCEEDS FROM DRUG OFFENCES.
452,DETERMINATION OF DRUG PARAPHERNALIA.
453,ILL USE OF A WEAPON
454,SIMPLE BATTERY OF A CHILD WELFARE WORKER
455,POSS ALC/BREC PARKS/CC
456,NONCONSENSUAL DISCLOSURE OF A PRIVATE IMAGE
457,UNLAWFUL USE OF BODY ARMOR
458,PROHIBITED USAGE OF TRACKING DEVICE(S)
459,PORNOGRAPHY INVOLVING JUVENILES
460,IMPROPER LANE USAGE/CC
461,SPEEDING MAXIMUM LIMIT 55/65 MPH ZONE
462,FLEE TO ELUDE POLICE/CC
463,PURCHASE AND PUBLIC POSSESSION OF ALCOHOLIC BEVERAGES BY PERSONS UNDER TWENTY-ONE
464,"PROHIBITED ACTS --SCHEDULE II,PENALTIES"
465,MISREPRESENTATION OF AGE TO OBTAIN ALCOHOLIC BEVERAGES
466,POSSESSION OF FIREARM ON PREMISES OF ALCOHOLIC BEVERAGES
467,PICTURE IDENTIFICATION REQUIRED FOR ENTRANCE TO LICENSED ALCOHOLIC BEVERAGE OUTLET
468,BICYCLES; FRONT LAMPS; REAR LAMPS; SIDE AND REAR REFLECTORS
469,PROOF OF INSURANCE REQ
470,PEEPING TOM
471,FAILURE TO YIELD AFTER STOP
472,POSSESSION OF HYPODERMIC NEEDLE
473,RIGHT OF WAY/FAIL TO YIELD
474,THEFT - THEFT FROM BUILDING
475,CRIMINAL MISCHIEF - THROWING ROCKS / DANGEROUS OBJECTS
476,CRIMINAL MISCHIEF - TRESPASS/OCCUPATION OF A BUSINESS
477,ILLEGAL CARRYING OF WEAPON (WITH CDS)
478,DUTY OF OFFENDER TO NOTIFY LE CHANGE OF ADDRESS
479,LICENSE PLATE LAMP REQUIRED
480,FALSE IMPRISONMENT; OFFENDER ARMED WITH DANGEROUS WEAPON
481,BATTERY OF A DATING PARTNER - PREGNANT
482,INTERFERENCE WITH THE CUSTODY OF A CHILD
483,FALSE CERTIFICATES (MVI)
484,OBEDIENCE TO POLICE AND FIRE DEPARTMENT OFFICIALS
485,BANK FRAUD
486,DIST/MANF SCH1 DRUG
487,RENEWAL OF REGISTRATION BY OFFENDERS
488,POSSESSION\DISTRBUTION MANUFACTURING SCHEDULE III
489,LEASED MOVABLES; OBTAINING BY FALSE REPRESENTATIONS;FAILURE TO RETURN OR SURRENDER
490,POSSESSION\DISTRBUTION MANUFACTURING SCHEDULE IV
491,FIREARM/MACHINE GUN HANDLING
492,ILLEGAL POSSESSION WEAPONS (BURGLARY TOOLS)
493,FALSE IMPERSONATION OF A POLICE OFFICER
494,ASSAULT/AGG DATING PARTNER
495,"NO LIABILITY INSURANCE, CRIMINAL SANCTIONS"
496,FRAUDULENT IDENTIFICATION DOCUMENTS
497,THEFT OF UTILITY SERVICE/CC
498,MISREPRESENTATION DURING ISSUANCE OF A MISDEMEANOR SUMMONS OR PREPARATION
499,NO PROOF OF INSURANCE
500,UNLAWFUL USE OF CELLPHONE TRACKING DEVICE
501,EXPIRED REGISTRATION
502,SECOND DEGREE KIDNAPPING - KIDNAPPING/ABDUCTION
503,ILL USE OF 911
504,DRIVING OVER PRIVATE PROPERTY
505,MISREP DUR BOOKING/CC
506,MISDEMEANOR CARNAL KNOWLEDGE OF A JUVENILE
507,PET OWNER'S RESPONSIBILITY/CC
508,NEGLIGENT CARRYING OF A CONCEALED HANDGUN
509,REGISTRATION EXPIRED
510,YIELD/PASSING EMERGENCY VEHICLE
511,DRUG PARA PROH/CC
512,DOMESTIC ABUSE BATTERY � SERIOUS BODILY INJURY
513,BRAKES REQUIRED
514,AGGRAVATED ASSAULT OF A DATING PARTNER - CHILD ENDANGERMENT
515,CRIMINAL MISCHIEF - FALSE REPORT OF A CRIME
516,DISTRIBUTION OR POSSESSION WITH INTENT TO DISTRIBUTE NARCOTIC DRUGS LISTED IN SCHEDULE I
517,MOTOR VEHICLE INSPECTION STICKER REQUIRED
518,DISTRIBUTION OF SCHEDULE II - FENTANYL W/ CERTAIN CHARACTERISTICS
519,REQUIRED METHOD OF TURNING AT INTERSECTIONS
520,OBEDIENCE TO TRAFFIC CONTROL DEVICES
521,VEHICLE TURNING LEFT AT INTERSECTION
522,TURNING MOVEMENTS AND REQUIRED SIGNALS
523,OBSTRUCTION OF JUSTICE - AGGRAVATED ASSAULT
524,MAXIMUM SPEED LAW
525,POSSESSION OR SALE OF PYROTECHNICS
526,OPERATING A VEHICLE WHILE UNDER THE INFLUENCE OF DRUGS
527,HEADLAMPS; WHEN LOW BEAM REQUIRED
528,"VIOLATION OF WINE, BEER, AND LIQUOR ORDINANCE"
529,OBSTRUCTION OF JUSTICE - THEFT
530,CRIMINAL MISCHIEF
531,PURCH/POSS ALC PERS UNDER 21/CC
532,SIMPLE BURGLARY/MOVEABLE
533,TRAFFIC-CONTROL SIGNALS
534,TERRORISM - AGGRAVATED CRIMINAL DAMAGE TO PROPERTY
535,D/L CLASS RESTRICTION
536,FOLLOWING TOO CLOSE/CC
537,POSS OF DRUG PARAPHERNALIA (OLD)
538,FLEE TO ELUDE POLICE
539,AGGRAVATED ASSAULT OF A DATING PARTNER
540,AIDING TO REMAIN ON PREMISES/CC
541,FAIL MAIN CONTROL/CC
542,DOMESTIC ABUSE BATTERY - SERIOUS BODILY INJURY
543,D/L REQ/EXP
544,DRIVING BELOW MINIMUM SPEED POSTED
545,HUNTING OR DISCHARGE OF FIREARMS WHEN PROHIBITED
546,CRUELTY TO ANIMALS - AGGRAVATED
547,SIMPLE BATTERY (BCO)
548,PURCHASE AND PUBLIC POSSESSION OF ALCOHOLIC BEVERAGES; EXCEPTIONS; PENALTIES
549,LITTER IN PUBLIC PLACES
550,INTERFERENCE WITH MEDICAL TREATMENT
551,STOP SIGN/YIELD SIGN/CC
552,COMPUTER AIDED SOLICITATION OF A MINOR.
553,LOOTING
554,DISOBEY POLICE OFF/CC
555,THIRD DEGREE RAPE
556,ILLEGAL CARRYING OF A FIREARM USED IN THE COMMISSION OF A CRIME OF VIOLENCE
557,THEFT/FELONY
558,DISTURBING THE PEACE - SIMPLE BATTERY
559,FIRST DEGREE RAPE - VAGINAL
560,ENTRY ON OR REMAINING IN PLACES OR ON LAND AFTERBEING FORBIDDEN
561,CRIMINAL DAMAGE TO PROPERTY BY DEFACING WITH GRAFFITI
562,THIRD DEGREE RAPE/VIGINAL
563,OBEDIENCE TO/REQUIRED TRAFFIC-CONTROL DEVICES
564,ONE WAY STREET
565,OPERATING VEHICLE WHILE UNDER SUSPENSION
566,ASSAULT ON EMERGENCY MEDICAL OR HEALTHCARE PROFESSIONAL
567,CRIMINAL HAZING - SERIOUS INJURY OR DEATH
568,FALSE COMMUNICATION WITH THE INTENT TO CAUSE AN EMERGENCY RESPONSE
569,MANSLAUGHTER
570,DISTURBING THE PEACE /UNLAWFUL ASSEMBLY
571,CARELESS OPERATION
572,PERPETRATION OR ATTEMPTED PERPETRATION OF CERTAIN CRIMES OF VIOLENCE AGAINST A VICTIM 65 YEARS OF AGE OR OLDER.
573,LETTING DISORD PLACE/CC
574,OBSTRUCTION OF COURT ORDERS
575,YIELD TO EMERGENCY VEHICLES
576,PICTURED IDENTIFICATION REQUIRED FOR PURCHASE OF ALCOHOLIC BEVERAGES
577,OFF-ROAD VEHICLES ON ROADWAY
578,VEHICULAR HOMICIDE - DWI
579,DISTURBING THE PEACE; INTERRUPTING LAWFUL ASSEMBLY
580,SPEEDING (31 MPH OR MORE OVER LIMIT)
581,AGGRAVATED BURGLARY/BURGLARY
582,DISARMING A PEACE OFFICER
583,PREVENTION OF YOUTH ACCESS TO TOBACCO
584,"BURNING TRASH, WEEDS, FIELDS, ETC (PARISH)"
585,NEGLIGENT INJURING/CC
586,DRIVING ON RIGHT SIDE OF ROADWAY; EXCEPTIONS
587,GAMBLING IN PUBLIC
588,DIST/PEACE
589,AGGRAVATED KIDNAPPING OF A CHILD
590,UNAUTHORIZED ENTRY OF A CRITICAL INFRASTRUCTURE
591,FIREARM FREE ZONE
592,OBSTRUCTION OF JUSTICE - BURGLARY
593,DRINKING IN PUBLIC/CC
594,POSSESSION OF UNREGISTERED OR ILLEGALLY TRANSFERRED WEAPONS
595,DRIV LEFT OF CENTER/CC
596,ILLEGAL TRANSMISSION OF MONETARY FUNDS
597,EXPIRED DRIVER'S LICENSE
598,OFF-ROAD VEHICLES PROHIBITED ON ROADWAY
599,IMPROPER LANE USAGE /CC
600,PROSTITUTION/CC
601,FAIL TO STOP/YIELD @ STOP SIGN  -  149
602,FLEEING OR ATTEMPTING TO ELUDE A POLICE OFFICER
603,FORGERY MOTOR VEHICLE INSPECTION CERTIFICATE
604,BURG/AUTO OVER $200
605,NO PROOF OF INS
606,VEHICLE APPROACHING OR ENTERING INTERSECTION
607,PUBLIC BRIBERY
608,AUTO THEFT RECOVERY
609,JUSTIFIABLE HOMICIDE
610,"SUSPENSION, REVOCATION, RENEWAL, AND CANCELLATION OF LICENSES"
611,EQUIPMENT VIOL/CC
612,FICTITIOUS PLATE
613,COMPUTER ADDED SOLICITATION OF A MINOR.
614,SECOND DEGREE KIDNAPPING; INJURE/SEX ABUSE
615,POSSESSION OF WEAPONS WHERE ALCOHOLIC BEVERAGES ARE SOLD AND/OR CONSUMED
616,"BARRICADES, SIGNS, AND SIGNALS PLACED BY LAW ENFORCEMENT; PROHIBITIONS AGAINST TAMPERING WITH"
617,LEASED MOVEABLE/FAILURE TO RETURN
618,ATTEMPT
619,FORGERY
620,DRIVING ON DIVIDED HIGHWAY
621,IMPEDE MOVEMENT OF TRAFFIC
622,SOLICITATION ON AN INTERSTATE HIGHWAY
623,SIMPLE ESCAPE; AGGRAVATED ESCAPE
624,SIMPLE BURGLARY/VEHICLE
625,OPERATING WHILE INTOXICATED; FIRST OFFENSE
626,FALSE IMPRISONMENT/CC
627,FALSE COMMUNICATIONS WITH EMERGENCY RESPONSE
628,FAILURE TO DIM HEADLIGHTS
629,ILLEGALLY SUPPLYING A FELON WITH AMMUNITION.
630,ENTRY ON OR REMAINING IN PLACES/LAND AFTER FORB
631,SEXUAL BATTERY OF THE INFIRMED
632,CRIMINAL DAMAGE TO PROPERTY BY DEFACING WITH GRAFFITI.
633,SOLICITING FOR PROSTITUTION/CC
634,FAIL TO DIM HEADLIGHTS
635,POSS SCH 4 DRUGS
636,MALFEASANCE IN OFFICE
637,SIGNAL LAMPS AND SIGNAL DEVICES
638,THEFT OF GOODS
639,REFUND OR ACCESS DEVICE APPLICATION
640,TEXT MESSAGING PROHIBITED
641,JUVENILE RUNAWAYS
642,DOMESTIC ABUSE AGG ASSAULT - CHILD ENDANGERMENT
643,BATTERY OF A SCHOOL TEACHER
644,DOMESTIC ABUSE BATTERY � BURNING
645,TRAFFIC LANE USAGE
646,LITTERING (CC)
647,DRIV LEFT OF CENTER
648,FAILURE TO TRANSFER REGISTRATION
649,SECOND DEGREE CRUELTY TO JUVENILES
650,DOMESTIC ABUSE BATTERY � BURNING WITH SERIOUS BODILY INJURY
651,REQUIRED POSITION AND METHOD OF TURNING AT INTERSECTIONS
652,KIDNAPPING/2ND DEGREE
653,CURFEW VIOL/JUVENILE/CC
654,ONE-WAY STREETS AND ALLEYS
655,FIRE-RAISING ON LANDS OF ANOTHER BY CRIMINAL NEGLIGENCE
656,DISOBEY CONTROL DEV/CC
657,RESISTING AN OFFICER/SIMPLE ASSAULT
658,JUVENILE CURFEW VIOLATION
659,BATT/AGG KNIFE
660,DRIVER'S LICENSE; POSSESSION
661,CRIMINAL STREET GANGS AND PATTERNS OF CRIMINAL STREET GANG ACTIVITY
662,UNLAWFUL REFUSAL TO SUBMIT TO CHEMICAL TESTS
663,TAMPERING WITH ELECTRONIC MONITORING EQUIPMENT.
664,VEHICULAR TRESPASS
665,BATTERY OF A DATING PARTNER - DANGEROUS WEAPON/SERIOUS BODILY INJURY
666,IMPROPER SUPERVISION OF A MINOR BY PARENT OR LEGAL CUSTODIAN
667,DUMPING
668,UNAUTHORIZED ENTRY OF A DWELLING DURAN AN EMERGENCY OR DISASTER.
669,ISSUING WORTHLESS CHECKS
670,ASSAULT/SIMPLE
671,FALSE IMPRISONMENT WITH DANGEROUS WEAPON
672,CRIMINAL NEGLECT OF FAMILY
673,BATTERY OF A DATING PARTNER - MINOR INJURY BURNING
674,"OBSTRUCTION OR INTERFERENCE WITH MEMBERS OF STAFF,FACULTY, OR STUDENTS OF EDUCATIONAL INSTITUTIONS; TRESPASS,DAMAGE TO PROPERTY;FELONY;"
675,VEHICLE TURNING LEFT
676,DOMESTIC ABUSE AGGRAVATED BATTERY-CHILD ENDANGERMENT
677,VEHICLES W/O REQUIRED EQUIP./UNSAFE VEHICLE
678,ASSAULT/AGG DOMESTIC ABUSE
679,CLINGING TO MOVING VEHICLES
680,FIRST DEGREE RAPE - ORAL
681,RESISTING AN OFFICER/CC
682,ROBB/SIMPLE
683,IMPROPER WINDOW TINT/CC
684,PURCHASE AND PUBLIC POSSESSION OF ALCOHOLIC BEVERAGES
685,FIRST DEGREE RAPE
686,FRAUDULENT ACQUISITION OF A CREDIT CARD
687,CYBERBULLYING
688,"WEARING OR POSSESSING BODY ARMOR, BY A STUDENT OR NON-STUDENT ON SCHOOL PROPERTY"
689,ROBBERY/2ND DEGREE
690,FIRST DEGREE FETICIDE
691,EXPLOITATION OF THE INFIRMED
692,BATT/SEXUAL
693,TEMPORARY TAG MISUSE
694,"ROBBERY,ARMED"
695,UNLAWFUL DISRUPTION OF THE OPERATION OF A SCHOOL; PENALTIES
696,ABAND/INOPERATIVE VEHICLE/CC
697,INJURING PUBLIC RECORDS
698,ANTI-SKIMMING ACT
699,SERVE/ALC TO PERSON UNDER 21/CC
700,UNLAWFUL CONSUMPTION OF ALCOHOLIC BEVERAGES BY PERSONS UNDER TWENTY-ONE YEARS OF AGE
701,UNAUTHORIZED USE OF ACCESS CARD AS THEFT
702,RAPE/AGGRAVATED
703,"BATTERY OF EMERGENCY ROOM PERSONNEL, EMERGENCY SERVICES PERSONNEL, OR A HEALTHCARE PROFESSIONAL"
704,COMMUNICATING OF FALSE INFORMATION OF PLANNED BOMBING ON SCHOOL PROPERTY
705,MISDEMEANOR THEFT OF GOODS
706,ACCESSORIES AFTER THE FACT
707,HOME IMPROVEMENT FRAUD
708,POSS SCH 1 DRUGS
709,DRIVING THROUGH FUNERAL OR OTHER PROCESSION
710,PROSTITUTION
711,BATT/DOM ABUSE STRANGULATION/FELONY
712,SAFETY BELT REQUIRED
713,OPERATING WHILE INTOXICATED; FOURTH OFFENSE
714,ROBB/1ST DEGREE
715,ENT/REM AFTER FORB
716,THEFT OVER $200 ALL OTHER
717,ISS WORTHLESS CHECKS
718,MORTGAGE FRAUD
719,FIRST DEGREE RAPE - VICTIM UNDER 13 YEARS OF AGE
720,SECOND DEGREE RAPE
721,HUMAN TRAFFICKING
722,INTIMIDATION AND INTERFERENCE IN THE OPERATION OF SCHOOLS
723,PROHIBITED ACTS; ALL SCHEDULES
724,UNAU USE OF MOTOR VEHICLE
725,ENCOUR/CONTRIB TO CHILD DELINQUENCY/DEPEND/NEG
726,MISREPRESENTATION DURING ISSUANCE OF A MISDEMEANOR SUMMONS OR PREPARATION OF A JUVENILE CUSTODIAL AGREEMENT
727,OBEDIENCE TO AND REQUIRED TRAFFIC CONTROL DEVICES
728,FAILURE TO SEEK ASSISTANCE
729,MISREP OF AGE TO OBTAIN ALCOHOLIC BEV
730,IMPROPER RIGHT TURN
731,NONCONSENSUAL DISCLOSURE OF PRIVATE IMAGES
732,UNAU ENTRY INHAB DWELLING
733,CRIME AGAINST NATURE
734,BATT/AGG OTHER DANGER WEAPON
735,IMPROPER LEFT TURN
736,OPEN BURNING
737,FORGERY OF A CERTIFICATE OF INSURANCE IDENTIFICATION CARD
738,THEFT $50-$200 ALL OTHER
739,MANUFACTURING OR POSSESSION WITH INTENT TO DISTRIBUTE FALSE OR FRAUDULENT IDENTIFICATION
740,CRIM DAM TO PROP/AGG
741,AILURE TO REGISTER VEHICLE
742,MURDER/GUN 1ST DEGREE
743,OBSTRUCTION OF FIRE PREVENTION
744,FIRST DEGREE RAPE/ANAL
745,BUSINESS LICENSE REQUIRED
746,BATT/DOM ABU CHILD ENDANGER/MISD
747,ILLEGAL CARRYING AND DISCHARGE OF WEAPONS
748,ASSAULT/ AGG FIREARM
749,UNSECURED LOAD/CC
750,"TAMPERING WITH SURVEILLANCE, ACCOUNTING, INVENTORY, OR MONITORING SYSTEMS"
751,ADOPTION DECEPTION
752,RAPE/FORCIBLE (VAGINAL)
753,UNAUTH ENTRY UPON RAILROAD PROPERTY
754,FAILIURE TO REPORT ACCIDENT
755,BATT/DATING PARTNER- CHILD ENDANGERMENT
756,DIST/PEACE/TUMULTUOUS MANNR/CC
757,BATT/AGG 2ND DEGREE
758,SECOND HAND DEALER PERMIT REQUIRED
759,AIDING AND ABETTING OTHERS TO ENTER OR REMAIN ON PREMISES WHERE FORBIDDEN
760,ASSAULT/DRIVE-BY SHOOTING
761,ASSAULT - ATTEMPT TO COMMIT BATTERY
762,UNLAWFUL OWNERSHIP OF A VICIOUS DOG
763,VEHICULAR HOMICIDE
764,SEAT BELT VIOL/CC
765,PUBLIC INTIMIDATION AND RETALIATION
766,ASSAULT/AGG ODW
767,ROBB/FIREARM/HWY STREET ALLEYS
768,MAIL THEFT
769,BATT/2ND DEGREE
770,FIRST DEGREE RAPE/ORAL
771,HOME IMPROVEMENT FRAUD.
772,UNAUTHORIZED REMOVAL OF SHOPPING CART
773,BATT/SIMPLE
774,ILL POSS STOLEN F/ARM
775,CRUELTY TO ANIMALS - SIMPLE
776,THEFT/IDENTITY
777,DAILY REPORT OF ENTRIES
778,THEFT AUTO/RECOVERY ONLY
779,THEFT OF ASSETS FROM AGED / DISABLED PERSON
780,ROBBERY/FIREARM - ADDITIONAL PENALTIES
781,"THEFT OVER $5,000"
782,OBSTRUCTION OF JUSTICE - SIMPLE ASSAULT
783,RECORD OF SECOND-HAND GOODS OR OBJECTS PURCHASED REQUIRED
784,RAPE/SIMPLE (ORAL)
785,RETALIATION BY A MINOR AGAINST A PARENT
786,TERRORIZING/CC
787,GROSS LITTERING PROHIBITED
788,UNAUTHORIZED REMOVAL OF A MOTORVEHICLE
789,THEFT UU ACCESS CARD OVER $200
790,"ENCOURAGING OR CONTRIBUTING TO CHILD DELINQUENCY, DEPENDENCY, OR NEGLECT"
791,DIST THE PEACE/CC
792,CAMPING IN A PUBLIC AREA PROHIBITED
793,FAIL TO REPORT COMMISSION OF CERTAIN FELONIES
794,CONTRACTORS; MISAPPLICATION OF PAYMENTS PROHIBITED
795,FELON IN POSS F/ARM
796,FALSE REPRESENTATION OF CONTROLLED DANGEROUS SUBSTANCE
797,FAILURE TO YIELD ON LEFT TURN  -  149
798,ACCESS DEVICE FRAUD - COUNTERFEITING/FORGERY
799,STOP LAMPS AND TURN SIGNALS REQUIRED ON NEW MOTOR VEHICLES
800,ACCESS DEVICE FRAUD/COUNTERFEITING/FORGERY
801,POSSESSION OF HYPODERMIC NEEDLES AND SYRINGES
802,AGGRAVATED ASSAULT WITH A MOTOR VEHICLE UPON A PEACE OFFICER
803,NO DRIVER'S LICENSE IN POSSESSION - 149
804,PERPETRATION OR ATTEMPTED PERPETRATION OF CRIMES AGAINST A VICTIM 65 YRS OF AGE OR OLDER
805,CARRYING OF FIREARM OR DANGEROUS WEAPON IN FIREARM FREE ZONE
806,U TURN LIMITATIONS/CC
807,REGULATION AND INSPECTIONS FOR PEDICABS
808,THEFT/THEFT FROM A MACHINE OR DEVICE
809,ACCESS DEVICE FRAUD - FALSE PRETENSES/SWINDLE
810,CRIMINAL MISCHIEF - SHOOTING AT TRAINS
811,INTIMIDATING WITNESS
812,"RENTED OF LEASED MOTOR VEHICLES; OBTAINING BY FALSE REPRESENTATION, ETC.; FAILURE TO RETURN"
813,ISS WORTHLESS CHECKS/CC
814,OBSTRUCTION OF DRIVERS VISION
815,THIRD DEGREE RAPE/ORAL
816,"THEFT OVER $1,000"
817,FAILURE TO SIGNAL WHEN STOPPING
818,RAPE AND SEXUAL BATTERY/ORAL
819,UNLAWFUL POSTING OF CRIMINAL ACTIVITY FOR NOTORIETY AND PUBLICITY.
820,CONT DEL OF A JUV/CC
821,"MOTOR VEHICLE, ALTERATION OR REMOVAL OF IDENTIFYING NUMBERS"
822,CHILD RESTRAINTS
823,ILLEGAL USE OF COUNTERFEIT TRADEMARK
824,UNLAWFUL DISRUPTION OF THE OPERATION OF A HEALTHCARE FACILITY
825,ACCESS DEVICE FRAUD/FALSE PRETENSES/SWINDLE/ CONFIDENCE GAME
826,PROHIBITED ACTIVITIES AND SANCTIONS - FRAUDULENT INSURANCE ACT
827,ONLINE IMPERSONATION - THREATS / INTIMIDATION
828,SECOND DEGREE RAPE - ANAL
829,RESISTING A OFFICER  FORCE OR VIOLENCE
830,MURDER/GUN 2ND DEGREE
831,TRAFFICKING OF CHILDREN FOR SEXUAL PURPOSES
832,BURGLARY OF A RELIGIOUS BUILDING
833,ASSAULT ON A SCHOOL TEACHER BY STUDENT
834,INSURANCE FRAUD
835,"THEFT OVER $25,000"
836,CRIMINAL MISCHIEF - THROWING ROCKS/DANGEROUS OBJECTS
837,FILING FALSE PUBLIC RECORDS
838,RAPE/SIMPLE (VAGINAL)
839,"UNLAWFUL SALE, PURCHASE, AND POSSESSION OF ALCOHOLIC BEVERAGES"
840,"UNLAWFUL PRODUCTION, MANUFACTURE, DISTRIBUTION, OR POSSESSION OF HALLUCINOGENIC PLANTS."
841,RAPE/FORCIBLE SIMPLE
842,UNAU ENTRY BUSINESS
843,BATTERY OF A SCHOOL ATHLETIC CONTESTOFFICIAL
844,RECK OPER OF VEHICLE/CC
845,JUVENILE UNGOVERNABLE
846,TERRORISM
847,MISREPRESENTATION DURNG BOOKNG
848,SECOND DEGREE RAPE/ORAL
849,FAIL/YIELD INTERSECTION/CC
850,CHILD RESTRAINT REQ
851,"STOPPING, STANDING OR PARKING PROHIBITED"
852,CLANDESTINE LABORATORY UNLAWFUL MANUFACTURE OF A CDS
853,UNLAWFUL POSTING OF CRIMINAL ACTIVITY FOR NOTORIETY AND PUBLICITY
854,PRINCIPAL
855,VIOL OF PROTECTIVE ORDERS
856,D W I
857,HOUSE/HOUSE PEDDLING
858,CARNAL KNOW OF JUV
859,NOTIFICATION OF SEX OFFENDERS & CHILD PREDITORS
860,NOISES INTERFERING WITH THE ENJOYMENT OF PROPERTY OR PUBLIC PEACE AND COMFORT
861,SEXTING
862,THEFT - THEFT FROM COIN-OPERATED DEVICE
863,RECK OPER OF VEHICLE
864,INSTITUTIONAL VANDALISM
865,BURG/S RES UNK FORCE
866,UNAUTHORIZED ENTRY OF A PLACE OFBUS.
867,SECOND DEGREE RAPE/FORCIBLE
868,PUBLIC SALARY DEDUCTION
869,D/L FAIL CHG ADDRESS /CC
870,CONTRACTORS MISAPPLIC PAY
871,DOMESTIC ABUSE BATTERY - DANGEROUS WEAPON
872,POSS OF FIREARM W/ DRUGS
873,IMPROPER TELEPHONE COMM
874,NOISES INTERFERING WITH ENJOYMENT OF PROPERTY OR PUBLIC PEACE AND COMFORT
875,FILING FASLE PUBLIC RECORDS
876,SIMPLE BURGLARY/STRUCTURE
877,PUBLIC PAYROLL FRAUD
878,THEFT OF A CATALYTIC CONVERTER
879,ASSAULT ON A SCHOOL TEACHER
880,AGGRAVATED BATTERY OF A DATING PARTNER - CHILD ENDANGERMENT
881,RIOT
882,BURG/AUTO $50 - $200
883,ABUSE OF CHILDREN; MISSING OR ABUSED CHILDREN; REPORTS;IMMUNITY; CENTRAL REGISTRY; INVESTIGATIONS; DEFINITIONS; WAIVER OF PRIVILEGE
884,BURG/AUTO UNDER $50
885,PROHIBITED ACTS; ALL SCHEDULES - FALSE PRETENSES
886,REGISTRATION CERTIFICATES TO BE IN VEHICLE
887,HUMAN TRAFFICKING - HUMAN SEX CRIMES
888,DUMPING OF CONCRETE AND/OR CEMENT DERIVATIVES
889,CONTEMPT OF COURT
890,HIT AND RUN - VEHICULAR HOMICIDE/INJURING
891,TRESPASS ON SCHOOL GROUNDS
892,AGGRAVATED ARSON - INHABITED
893,CARRYING A FIREARM ON SCHOOL PROPERTY
894,OBSTRUCTING A FIREMAN
895,CRIMINAL DAMAGE TO A CRITICAL INFRASTRUCTURE
896,SEXUAL ABUSE OF AN ANIMAL - ENGAGING IN ABUSE
897,UNLAWFUL SALES TO PERSONS UNDER TWENTY-ONE
898,CRIMINAL BLIGHTING OF PROPERTY
899,ILLEGAL USE OF CONTROLLED DANGEROUG SUBSTANCES IN THE PRESENCE OF PERSON UNDER SEVENTEEN YEARS OF AGE
900,ILL POSS STLN THINGS
901,ADULTERATING A FOOD PRODUCT
902,DANGEROUS OR VICIOUS DOG
903,VIOLATIONS OF CONTROLLED DANGEROUS SUBSTATNCES
904,PEDESTRIANS ON HIGHWAYS OR INTERSTATE
905,SELF MUTILIATION BY A PRISONER
906,DOMESTIC ABUSE BATTERY CHILD ENDANGER/MISD
907,AGGRAVATED ESCAPE
908,PARKING WHERE PROHIBITED/CC
909,DESECRATION OF GRAVES
910,"OBSTRUCTION OF INTERFERENCE WITH MEMBERS OF STAFF, FACULTY, OR STUDENTS OF EDUCATIONAL INSTITUTIONS; TRESPASS, DAMAGE TO PROPERTY"
911,THEFT UNDER $50 ALL OTHERS
912,FALSE CERTIFICATES
913,BURG/S NON RES NIGHT FORCE
914,MVI REQUIRED/CC
915,BATT/AGG GUN
916,VIOLATION OF PROB & PAROLE
917,LIMITATIONS ON PASSING ON THE LEFT
918,THIRD DEGREE RAPE/ANAL
919,SIMPLE ESCAPE (WORK RELEASE)
920,MISREPRESENT AGE TO OBTAIN ALCOHOL BEV/GAIN ENTRY
921,BATTERY OF A CORRECTIONAL FACILITY EMPLOYEE
922,LETTING A DISORDERLY PLACE
923,VIOLATIONS OF CONTROLLED DANGEROUS
924,FRAUDULENT REMUNERATION - FALSE PRETENSES/SWINDLE
925,FALSE SWEARING FOR PURPOSE OF VIOLATING
926,UNAUTHORIZED REMOVAL OF SHOPPING CARTS
927,BURG/S RES NIGHT FORCE
928,ASSAULT ON A CHILD WELFARE WORKER
929,LICENSE PLATE; CANCELED
930,DRUG PARAPHENALIA
931,HIT & RUN
932,FALSE PERSONATION
933,CARRYING A FIREARM ON SCHOOL PROPERTY/FUNCTION
934,BURG/S NON RES UNK FORCE
935,ANIMALS PROHIBITED AT FESTIVALS
936,FAILURE TO LEAVE PREMISES
937,BURG/S/IN/DWEL/RES DAY NOFORCE
938,FALSE STATEMENTS IN AFFIDAVIT AS PERJURY
939,ILL CARRYING WEAPON
940,FAIL REPORT ACCIDENT/CC
941,DISTURBING THE PEACE (INTERRUPTING A LAWFUL ASSEMBLY)
942,PORNO INVOLVING JUV
943,"TERRORISM - AGGRAVATED ARSON UPON ANY STRICTURE, WATERCRAFT, OR MOVABLE"
944,UNLAWFUL SALE/PURCHASE TOBACCO UNDER 18; SIGNS
945,FORGERY OF A MOTOR VEHICLE INSPECTION
946,TRUANCY; GUARDIAN DUTY
947,BATTERY OF A BUS OPERATOR
948,IMPERSONATING POL OFF/CC
949,ASSAULT ON A CHILD WELFARE WORKER.
950,THEFT OR CRIMINAL ACCESS OF AN AUTOMATED TELLER MACHINE
951,THEFT UU ACCESS CARD UNDER $50
952,BIGAMY
953,NOISE ORDINANCE-AMPLIFIED 50FT
954,SAFETY BELT VIOLATION  -  25
955,RESISTING ARREST AND INTERFERENCE WITH OFFICERS
956,UNAUTHORIZED ACCESS TO RAILROAD PROPERTY
957,IDENTIFICATION WITH NUMBER OR OTHER MARK; OBLITERATION OR ALTERATION OF NUMBER OR MARK
958,INCITING PROSTITUTION
959,STOPPING/STANDING/PARKING PROHIBITED
960,THEFT-SHOPLIFTING-OVER $200
961,"LEASED VEH,FAILURE TO RETURN"
962,INTIM WITNESS
963,FAIL REPORT ACCIDENT
964,OBSTRUCTION HWY/SIMPLE/CC
965,MONETARY INSTRUMENT ABUSE AND PROVIDES DEFINITIONS AND ELEMENTS
966,CHILD ENDANGERMENT LAW
967,BATTERY OF EMERGENCY ROOM PERSONNEL
968,FALSE COMMUNICATIONS WITH NO EMERGENCY RESPONSE
969,WARRANT OF ARREST ON INDICTMENT OR INFORMATION
970,ILL POSTING/CC
971,CRIMINAL TRESSPASSING
972,ROLLING VENDOR LICENSE REQUIRED
973,TRESPASS/SCHOOL GRND
974,FRAUDULENT FIREARM AND AMMUNITION PURCHASE
975,OBST JUSTICE
976,DEFACING BUILDINGS/CC
977,INTERFERE W/OFFICER/CC
978,BURG/AGG RES NIGHT FORCE
979,OFFENSES AGAINST COMPUTER USERS
980,AGGRAVATED CRIME AGAINST NATURE
981,THEFT OF TRAILER
982,DOMESTIC ABUSE AGGRAVATED BATTERY-STRANGULATION
983,VIOLATION OF FIRE MARSHAL'S ORDERS
984,"RITUALISTIC SEXUAL ABUSE OF CHILDREN OR OF ADULTS WITH PHYSICAL OR MENTAL DISABILITIES AS PART OF A CEREMONY, RITE, INITIATION, OBSERVANCE, PERFORMANCE, OR PRACTICE."
985,TRAFFIC LAWS APPLY TO PERSONS ON BICYCLES
986,ROBB/FIREARM MISCELLANEOUS
987,CHILD RESTRAINT REQUIRED
988,FALSE IMPERSONATION OF A PEACE OFFICER OR FIREFIGHTER
989,VAGRANCY/CC
990,LITTER FROM VEHICLE
991,"CONTRABAND DEFINED, TAKING TO AND FROM PENAL INSTITUTIONS"
992,SELF-MUTILATION BY A PRISONER
993,SECOND DEGREE SEXUAL BATTERY/AGGRAVATED
994,TURN SIGNALS REQUIRED
995,PROMOTING PROSTITUTION
996,MOLESTATION OF JUV
997,ARMED ROBBERY/FIREARM RESIDENCE
998,UNLAWFUL DISPOSAL OF REMAINS
999,"UNLAWFUL PRODUCTION, MANUFACTURING, DISTRIBUTION OR POSSESSION OF FRAUDULENT DOCUMENTS FOR IDENTIFICATION PURPOSES."
1000,ILLEGAL USE OF CONTROLLED SUBSTANCES IN THE PRESENCE OF MINORS
1001,SEXUAL BATTERY/ASSAULT WITH AN OBJECT
1002,UNLAWFUL PRESENCE OF A SEXUAL VIOLENT PREDATOR
1003,"SEXUAL ABUSE OF AN ANIMAL - FILMING, DISTRIBUTING, OR POSSESSING IMAGES OF ABUSE"
1004,DISTURBING THE PEACE / INTERRUPTION OF LAWFUL ASSEMBLY
1005,COMPUTER-AIDED SOLICITATION OF A MINOR
1006,HELMET REQUIRED
1007,OBSTRUCTION OF JUSTICE - INTIMIDATION / THREATS
1008,POSS OF A FIREARM WITH CDS
1009,IMPROPER SUPERVISION/JUV
1010,CRIMINAL MISCHIEF - THREATS TO WATER SUPPLY OR WATER COMPANY
1011,SIMPLE BATTERY OF A DATING PARTNER - MINOR INJURY BURNING
1012,DOMESTIC ABUSE BATTERY - DANGEROUS WEAPON/SERIOUS BODILY INJURY
1013,PERJURY
1014,"RITUALISTIC ACTS-SEXUAL MUTILATION, DISMEMBERMENT, TORTURE-SEXUAL ASSAULT WITH AN OBJECT"
1015,GOVERNMENT BENEFITS FRAUD
1016,UNLAWFUL CONSUMPTION OF ALC BY PERSON UNDER 21
1017,DRIVING ON DIVIDED HIGHWAYS
1018,OFF ROAD VEHICLE USE ON HIGHWAY
1019,MINGLING HARMFUL SUBSTANCES
1020,SPEEDING/SCHOOL ZONE/CC
1021,OBSTRUCTION OF AN INTERSECTION
1022,"UNLAWFUL PRODUCTION, MANUFACTURING, DISTRIBUTIONOR POSSESSION OF FRAUDULENT DOCUMENTS FOR IDENTIFICATION PURPOSES."
1023,FAILURE TO REGISTER AS A SEX OFFENDER
1024,SPEEDING IN SCHOOL ZONE
1025,"TAMPERING WITH BARRICADES, SIGNS AND SIGNALS PLACED BY LAW ENFORCEMENT OFFICERS"
1026,DEFAMATION
1027,COUNTERFEITING OR POSSESSING COUNTERFEIT LABELS PROHIBITED
1028,DRIVING TOO FAST FOR CONDITIONS
1029,EXPIRED MOTOR VEHICLE INSPECTION STICKER
1030,"MANUFACTURE, DISTRIBUTION OR POSS WITH INTENT TO DISTRIBUTE (PWID) SCHEDULE V"
1031,EXPIRED MOTOR VEHICLE INSPECTION
1032,ADDITIONAL PENALTIES
1033,DAMAGE TO PROPERTY WITH INTENT TO DEFRAUD
1034,ILL/POSS OF HANDGUN BY JUV
1035,THEFT $50-$200 SHOPLIFTING
1036,POSS MARIJUANA 14 GRAMS OR LESS
1037,PEDSESTRIANS PROHIBITED FROM WALKING ON EXPRESSWAYS
1038,HUMAN TRAFFICKING-FRAUD. FORCE OR COERCION
1039,TRAFFIC LAWS APPLY TO PERSONS RIDING BICYCLES
1040,SPEEDING; SCHOOL ZONE
1041,SMOKING PROHIBITED
1042,COMPUTER AIDED SOLITICITATION OF MINOR
1043,HUMAN TRAFFICKING-HUMAN SEX CRIMES
1044,UNLAWFUL PURCHASE OF ALCOHOLIC BEVERAGES BY PERSONS ON BEHALF OF PERSONS UNDER 21
1045,IMPROPER BACKING
1046,THEFT OVER $200 FROM AUTO
1047,SALE/POSSESSION OF LEGEND DRUG
1048,BURG/S NON RES UNK NO FORCE
1049,SEXUAL BATTERY - SEXUAL ASSUALT WITH AN OBJECT
1050,AIDING AND ABETTING OTHER TO ENTER OR REMAIN ON PREMISES WHERE FORBIDDEN
1051,DISTURBING THE PEACE - FISTIC ENCOUNTER
1052,OBTAINING CDS BY FRAUD
1053,COMMITING CRIMES OF VIOLENCE AGAINST A VICTIM 65 YEARS OF AGE OR OLDER
1054,OBSTRUCTION OF JUSTICE - INTIMIDATION OR THREATS
1055,SPECIAL IDENTIFICATION CARDS
1056,SIMPLE ARSON OF RELIGIOUS BUILDING
1057,EMERGENCY VEHICLES; EXCEPTIONS
1058,MVI EXPIRED
1059,PANDERING
1060,DIST/PEACE/INTOXICATION
1061,MISDEMEANOR SEXUAL BATTERY/ASSAULT WITH AN OBJECT
1062,OBST OF HIGHWAY
1063,FAILURE TO YIELD TO EMERGENCY VEHICLES
1064,MANUFACTURE AND POSSESSION OF A BOMB
1065,"MANUFACTURE, DISTRIBUTION OR POSSESSION WITH INTENT TO DISTRIBUTE (PWID) SCHEDULE III"
1066,UNAUTHORIZED REMOVAL OF SHOPPING CART OR BASKETS
1067,PRINCIPAL(CODE MODIFIER)
1068,USE OF FLASHING RED AND BLUE LIGHTS RESTRICTED
1069,FLIGHT FROM OFFICER
1070,OBEDIENCE TO POLICE OFFICERS
1071,LITTER FROM VEHICLES
1072,SOLICITATION FROM ROADWAY PROHIBITED
1073,PUBLIC CONTRACT FRAUD
1074,FALSE STATEMENTS AND FALSE OR ALTERED DOCUMENTS; UNCLAIMED PROPERTY CLAIM
1075,DIST/MANF SCH 2 DRUG
1076,PROHIB TURNS
1077,POSS SCH 2 DRUGS
1078,"WEARING OR POSSESSING BODY ARMOR, BY A STUDENT OR NON-STUDENT ON SCHOOL PROPERTY."
1079,FALSE INSPECTION STICKER
1080,"PEDESTRIANS SOLICITING RIDES, BUSINESS, EMPLOYMENT OR CONTRIBUTIONS OF A CHARITABLE NATURE"
1081,BRAKE EQUIPMENT REQUIRED
1082,OBEY STOP SIGNS
1083,CONTROL OF AIR POLLUTION FROM OUTDOOR BURNING (OPEN BURNING)
1084,CREDIT CARD FRAUD
1085,RAPE/AGG (VAGINAL)
1086,AGGRAVATED ORAL SEXUAL BATTERY
1087,RECKLESS DISCHARGE OF A FIREARM AT A PARADE OR DEMONSTRATION
1088,POSS MARIJUANA/CC
1089,PROHIBITED SEXUAL CONDUCT BETWEEN AN EDUCATOR AND STUDENT.
1090,FALSE OR ALTERED LOTTERY TICKETS
1091,DISOBEY RED LIGHT
1092,UNLAWFUL SALES OR SERVING TO PERSONS UNDER TWENTY-ONE
1093,CRIMINAL NEGLIGENCE
1094,"INTERCEPTION AND DISCLOSURE OF WIRE, ELECTRONIC, OR ORAL COMMUNICATIONS"
1095,FAIL/YIELD EMERGENCY VEH/CC
1096,UNAUTHORIZED USE OF WIFI - JUVENILE PORNOGRAPHY
1097,PROHIBITED ACTS; ALL SCHEDULES - FORGERY
1098,FALSE STATEMENTS; UNCLAIMED PROPERTY CLAIM
1099,CRIME AGAINST NATURE BY SOLICITATION
1100,LIMITATIONS ON BACKING
1101,DRIVING ON RIGHT SIDE OF ROAD
1102,DETERMINATION OF DRUG PARAPHENALIA
1103,GAMBLING
1104,SPEEDING IN A SCHOOL ZONE
1105,PEDESTRIANS SOLICITING RIDES OR BUSINESS
1106,ONE WAY ROADWAYS/CC
1107,INSURANCE FRAUD-AUTO POLICIES
1108,KEEPING DISORD PLACE/CC
1109,STOP LAMPS REQUIRED
1110,TATTOOING MINORS
1111,GAMBLING IN PUBLIC/CC
1112,"SALE,DISTRIBUTION OR MAKING AVAILABLE TO MINORS PUBLICATIONS ENCOURAGING, ADVOCATING OR FACILITATING THE ILLEGAL USE OF CONTROLLED DANGEROUS SUBSTANCES"
1113,ENTRY ON OR REMAINING ON SITE OF A SCHOOL OR RECREATIONAL ATHLETIC CONTEST AFTER BEING FORBIDDEN
1114,FORGERY OF A CERTIFICATE OF INSURANCE IDENTIFICATION CARD.
1115,RESISTING AN OFFICER - AGGRAVATED ASSAULT
1116,DISTURBING THE PEACE
1117,POSS/MANUFAC OF BOMB
1118,DISTURBING THE PEACE - UNLAWFUL ASSEMBLY
1119,EXPIRED DRIVERS LICENSE
1120,WIRE-TAPPING PROHIBITED
1121,LOADS OF LOOSE MATERIALS ON VEHICLES
1122,PROSTITUTION; PERSONS UNDER SEVENTEEN; ADDITIONAL OFFENSES
1123,OBTAINING LEGEND DRUGS BY MISREPRESENTATION OR FRAUD
1124,CRIMINAL ABORTION BY MEANS OF ABORTION-INDUCING DRUGS
1125,3RD OFFENSE OPERATING WHILE INTOXICATED
1126,"BARRICADES, SIGNS, AND SIGNALS; PROHIBITION AGAINST TAMPERING WITH"
1127,MOTORCYCLE ENDORSEMENT REQUIRED
1128,PARKING FOR MOBILITY-IMPAIRED PERSONS
1129,TRUANCY BY SCHOOL AGE CHILD
1130,MEDICAID FRAUD
1131,RIDING ON MOTORCYCLES
1132,SOLICITATION FOR MURDER
1133,(ATTEMPTED) MANSLAUGHTER
1134,MOTORCYCLE; HELMET REQUIRED
1135,INCITING TO RIOT
1136,UNDERAGE DRIVING UNDER THE INFLUENCE
1137,DISTURBING THE PEACE / SIMPLE ASSAULT
1138,UNLAWFUL USE OF A CELLULAR TRACKING DEVICE
1139,"DISTRIBUTION OF SCHEDULE II, FENTANYL"
1140,BURG/S NON RES DAY FORCE
1141,ABUSE AND NEGLECT OF ADULTS
1142,OBSTRUCTION OF JUSTICE - VANDALISM OR DESTRUCTION
1143,TRAFFIC INCIDENT
1144,MIRRORS REQ ON VEH
1145,SECOND DEGREE SEXUAL BATTERY : AGGRAVATED WITH SERIOUS INJURY/RUBBING/TOUCHING
1146,POSS OF FIREWORKS
1147,PARKING OF SEMI TRAILER PROHIBITED
1148,DISCHARGE FIREARMS/CC
1149,VIOLATION OF DRUG FREE ZONE
1150,OTHER/UNLISTED STATUTE
1151,PROFANITY PROHIBITED
1152,DOMESTIC ABUSE AGGRAVATED BATTERY - PREGNANT VICTIM
1153,BARRICADES/CC
1154,"OPERATE OR PERMIT OPERATION OF SOUND AMPLIFICATION SYSTEM, THAT PRODUCES LOUD SOUND"
1155,UNLAWFULLY SUPPLYING ANY PRODUCT FOR THE PURPOSE OF FALSIFYING A SCREENING TEST
1156,SPECIAL RESTRICTIONS ON LAMPS
1157,COMMAND TO DISPERSE; FAILURE TO COMPLY
1158,RAPE/SIMPLE (ANAL)
1159,FIRE PREVENTION INTERFERENCE
1160,USE OF CERTAIN WIRELESS TELECOMMUNICATIONS DEVICES BY CERTAIN DRIVERS PROHIBITED
1161,UNLAWFUL PURCHASE OF ALCOHOLIC BEVERAGES BY PERSONS ON BEHALF OF PERSONS UNDER TWENTY-ONE
1162,CUT ACROSS PRIV PROP
1163,FRAUDULENT USE OF AN IDENTIFICATION CARD
1164,WHEN OVERTAKING ON THE RIGHT IS PERMITTED
1165,"INTERSECTION - STOPPING, STANDING OR PARKING PROHIBITED"
1166,DWI (CC) CHILD ENDANGERMENT LAW
1167,OBSTRUCTION OF JUSTICE - COUNTERFEITING OR FORGERY
1168,"RETALIATION BY A MINOR AGAINST A PARENT, LEGAL CUSTODIAN, WITNESS OR COMPLAINANT"
1169,SMOKING IN MOTOR VEHICLES PROHIBITED; PENALTIES
1170,BURG/SIMP RES NIGHT NO FORCE
1171,USE OF LASER POINTER
1172,SMOKING IN MOTOR VEHICLES PROHIBITED
1173,MODIFIED EXHAUST
1174,"DISPLAY OF PATENTLY OBSCENE WORDS, PHOTOGRAPHS, AND DEPICTION"
1175,BURG/SIMP RES DAY NO FORCE
1176,TRANSACTIONS INVOLVING PROCEEDS FROM DRUG OFFENSES
1177,DRAG RACING W/ INJURY OR DEATH
1178,DWI; 1ST OFFENSE
